sample,true_label,predicted_label,p_b,p_g
0,g,g,0.00582797,0.99417204
1,b,b,0.84316891,0.15683107
2,g,g,0.00126797,0.99873203
3,b,b,0.82968038,0.17031966
4,g,g,0.02041579,0.97958428
5,b,b,0.98811454,0.01188554
6,g,g,0.01938636,0.98061359
7,b,b,0.99999011,0.00000992
8,g,g,0.00993604,0.99006397
9,b,b,0.99903381,0.00096625
10,g,g,0.02691999,0.97308010
11,b,b,0.89415300,0.10584697
12,g,g,0.00495075,0.99504918
13,b,g,0.04800572,0.95199430
14,g,g,0.00598246,0.99401748
15,b,b,0.99023390,0.00976614
16,g,g,0.00095252,0.99904746
17,b,b,0.99996006,0.00003990
18,g,g,0.02873855,0.97126138
19,b,b,0.99999118,0.00000886
20,g,g,0.00298741,0.99701262
21,b,b,0.99999845,0.00000160
22,g,g,0.00196852,0.99803144
23,b,b,0.99999714,0.00000281
24,g,g,0.00062589,0.99937409
25,b,b,0.92181045,0.07818951
26,g,g,0.10393733,0.89606267
27,b,b,0.99358797,0.00641202
28,g,g,0.02033504,0.97966504
29,b,b,0.99970359,0.00029639
30,g,g,0.00537080,0.99462920
31,b,b,0.84194213,0.15805790
32,g,g,0.00994557,0.99005437
33,b,b,0.90897679,0.09102322
34,g,g,0.01959335,0.98040664
35,b,b,0.95326346,0.04673647
36,g,g,0.00149147,0.99850851
37,b,b,0.99981135,0.00018870
38,g,g,0.00147000,0.99853003
39,b,b,0.90113431,0.09886565
40,g,g,0.00181624,0.99818379
41,b,b,0.99547237,0.00452757
42,g,g,0.00198925,0.99801081
43,b,b,0.95367604,0.04632397
44,g,g,0.00956066,0.99043930
45,b,b,0.99945360,0.00054637
46,g,g,0.00204231,0.99795771
47,b,b,0.99991465,0.00008538
48,g,g,0.00136432,0.99863571
49,b,b,0.99948740,0.00051255
50,g,g,0.35569116,0.64430887
51,b,b,0.99995983,0.00004018
52,g,g,0.00623056,0.99376947
53,b,b,0.98580813,0.01419183
54,g,g,0.00137601,0.99862397
55,b,b,0.99902105,0.00097897
56,g,g,0.00332711,0.99667287
57,b,b,0.98462057,0.01537944
58,g,g,0.00179789,0.99820209
59,b,b,0.94456393,0.05543609
60,g,g,0.00195928,0.99804074
61,b,b,0.99984264,0.00015729
62,g,g,0.00185716,0.99814284
63,b,b,0.95418525,0.04581475
64,g,g,0.00115601,0.99884391
65,b,b,0.92274779,0.07725216
66,g,g,0.00104061,0.99895942
67,b,b,0.99965060,0.00034943
68,g,g,0.00210957,0.99789041
69,b,b,0.84942478,0.15057530
70,g,g,0.00209175,0.99790823
71,b,b,0.99998188,0.00001814
72,g,g,0.00262063,0.99737942
73,b,b,0.89887184,0.10112817
74,g,g,0.00262926,0.99737072
75,b,b,0.99409229,0.00590772
76,g,g,0.00222830,0.99777168
77,b,b,0.99970669,0.00029328
78,g,g,0.00129543,0.99870455
79,b,b,0.99965978,0.00034023
80,g,g,0.01805205,0.98194802
81,b,b,0.94940698,0.05059304
82,g,g,0.00359614,0.99640393
83,b,b,0.68948191,0.31051809
84,g,g,0.02643874,0.97356129
85,b,b,0.58449930,0.41550067
86,g,g,0.00261859,0.99738139
87,b,b,0.91682875,0.08317121
88,g,g,0.10061407,0.89938599
89,b,b,0.97553545,0.02446452
90,g,g,0.00130755,0.99869245
91,b,b,0.95162600,0.04837394
92,g,g,0.07852313,0.92147690
93,b,b,0.98240095,0.01759901
94,g,g,0.22127119,0.77872884
95,b,b,0.57516587,0.42483407
96,g,g,0.01860988,0.98139018
97,g,g,0.00889487,0.99110514
98,b,b,0.93980789,0.06019212
99,g,g,0.00376613,0.99623388
100,b,b,0.94789207,0.05210797
101,g,g,0.00109023,0.99890983
102,b,b,0.99999976,0.00000029
103,g,g,0.00175138,0.99824870
104,b,b,0.99988568,0.00011436
105,g,g,0.03120295,0.96879703
106,b,b,0.99992216,0.00007787
107,g,g,0.00291780,0.99708217
108,b,b,0.99935001,0.00064999
109,g,g,0.04634979,0.95365024
110,b,b,0.99873990,0.00126011
111,g,g,0.01035694,0.98964298
112,b,b,0.99387383,0.00612614
113,g,g,0.00278730,0.99721271
114,b,b,0.78696102,0.21303900
115,g,g,0.40837231,0.59162766
116,b,g,0.00665558,0.99334443
117,g,g,0.00155400,0.99844605
118,b,b,0.99622583,0.00377419
119,g,g,0.00055483,0.99944514
120,b,b,0.81104726,0.18895273
121,g,g,0.00812690,0.99187309
122,b,b,0.76406455,0.23593542
123,g,g,0.28468344,0.71531659
124,b,b,0.89329880,0.10670118
125,g,g,0.00090211,0.99909794
126,b,b,0.89587748,0.10412246
127,g,g,0.00131646,0.99868351
128,b,b,0.99955434,0.00044565
129,g,g,0.00144335,0.99855667
130,b,b,0.85292482,0.14707521
131,g,g,0.41772214,0.58227783
132,b,b,0.96913254,0.03086742
133,g,g,0.20457533,0.79542464
134,b,b,0.99878341,0.00121663
135,g,g,0.00268073,0.99731928
136,b,b,0.90880162,0.09119843
137,g,g,0.28671616,0.71328384
138,b,b,0.99616039,0.00383956
139,g,g,0.04702771,0.95297229
140,b,b,0.99618429,0.00381575
141,g,g,0.00177015,0.99822992
142,b,g,0.29727024,0.70272976
143,g,b,0.84592766,0.15407228
144,b,g,0.02368111,0.97631890
145,g,g,0.07279983,0.92720014
146,b,b,0.99788731,0.00211269
147,g,g,0.00101387,0.99898607
148,b,b,0.96357739,0.03642263
149,g,g,0.00190202,0.99809796
150,b,b,0.99701786,0.00298213
151,g,g,0.00967891,0.99032110
152,b,b,0.95854646,0.04145353
153,g,g,0.00061252,0.99938750
154,b,b,0.95797592,0.04202405
155,g,g,0.00657451,0.99342549
156,b,b,0.95797294,0.04202704
157,g,g,0.01907011,0.98092985
158,b,b,0.93795365,0.06204639
159,g,g,0.00241144,0.99758852
160,b,b,0.95736390,0.04263608
161,g,g,0.00397756,0.99602246
162,b,b,0.66897553,0.33102444
163,g,g,0.00192888,0.99807113
164,b,b,0.91422391,0.08577606
165,g,g,0.00121277,0.99878722
166,b,b,0.99449933,0.00550067
167,g,g,0.00633946,0.99366051
168,b,b,0.99999976,0.00000022
169,g,g,0.00113028,0.99886972
170,b,b,0.99990010,0.00009987
171,g,g,0.00152188,0.99847811
172,b,b,0.99999928,0.00000073
173,g,g,0.00043576,0.99956423
174,b,b,0.76245254,0.23754743
175,g,g,0.01452042,0.98547953
176,b,b,0.98875111,0.01124890
177,g,g,0.00244793,0.99755210
178,b,b,0.99030125,0.00969876
179,g,g,0.00996116,0.99003881
180,b,b,0.99919981,0.00080021
181,g,g,0.00656172,0.99343830
182,b,b,0.99971479,0.00028523
183,g,g,0.02346502,0.97653496
184,b,b,0.99995792,0.00004207
185,g,g,0.00137341,0.99862659
186,b,b,0.99992621,0.00007380
187,g,g,0.00064805,0.99935192
188,b,b,0.99999928,0.00000072
189,g,g,0.05782525,0.94217479
190,b,b,0.99999607,0.00000398
191,g,g,0.32153696,0.67846304
192,b,b,0.99813169,0.00186833
193,g,g,0.00190889,0.99809104
194,b,b,0.99861145,0.00138853
195,g,g,0.01097533,0.98902470
196,b,b,0.98673439,0.01326560
197,g,g,0.01916035,0.98083973
198,b,b,0.98255032,0.01744971
199,g,g,0.01516792,0.98483211
200,b,b,0.99992871,0.00007130
201,g,g,0.01984023,0.98015976
202,b,b,0.96084648,0.03915348
203,g,g,0.00205792,0.99794203
204,b,b,0.99983406,0.00016585
205,g,g,0.00461738,0.99538261
206,b,b,0.99989867,0.00010137
207,g,g,0.05431799,0.94568199
208,b,b,0.93929553,0.06070450
209,g,g,0.00335067,0.99664932
210,b,b,0.99998653,0.00001350
211,g,g,0.01320611,0.98679394
212,b,b,0.98893714,0.01106284
213,g,g,0.00055376,0.99944621
214,b,b,0.98939192,0.01060807
215,g,g,0.00123674,0.99876332
216,b,b,0.97338575,0.02661423
217,g,g,0.00317101,0.99682897
218,b,b,0.99994481,0.00005517
219,g,g,0.00536182,0.99463814
220,b,b,0.99999619,0.00000376
221,g,g,0.03447209,0.96552795
222,b,b,0.99963069,0.00036934
223,g,g,0.00185479,0.99814522
224,b,b,0.99997163,0.00002835
225,g,g,0.01076964,0.98923033
226,b,b,0.99922431,0.00077563
227,g,g,0.00108416,0.99891591
228,b,b,0.94849294,0.05150712
229,g,g,0.00859516,0.99140477
230,b,b,0.99999976,0.00000021
231,g,g,0.00123393,0.99876606
232,b,b,0.99996328,0.00003672
233,g,g,0.00922100,0.99077904
234,b,b,0.83288586,0.16711411
235,g,g,0.01466545,0.98533452
236,b,g,0.14317352,0.85682648
237,g,g,0.02285635,0.97714365
238,b,b,0.98363930,0.01636071
239,g,g,0.01111155,0.98888844
240,b,b,0.99762803,0.00237197
241,g,g,0.00163337,0.99836665
242,b,b,0.93600243,0.06399754
243,g,g,0.00205203,0.99794799
244,b,b,0.93933171,0.06066824
245,g,g,0.00322473,0.99677533
246,b,b,0.99690372,0.00309631
247,g,g,0.09214552,0.90785450
248,b,b,0.99999976,0.00000029
249,g,g,0.00022712,0.99977285
250,b,b,0.99712247,0.00287748
251,g,g,0.00097478,0.99902523
252,b,b,0.99916220,0.00083784
253,g,g,0.00117643,0.99882358
254,g,g,0.03954985,0.96045011
255,g,g,0.00142608,0.99857390
256,g,g,0.02322232,0.97677773
257,g,g,0.03032714,0.96967286
258,g,g,0.01279392,0.98720610
259,g,g,0.00263641,0.99736363
260,g,g,0.12308317,0.87691683
261,g,g,0.01620384,0.98379624
262,g,g,0.00416089,0.99583912
263,g,g,0.01119110,0.98880893
264,g,g,0.01096448,0.98903555
265,g,g,0.02039694,0.97960299
266,g,g,0.00902895,0.99097109
267,g,g,0.00254787,0.99745208
268,g,g,0.00753480,0.99246526
269,g,g,0.00547930,0.99452066
270,g,g,0.00154131,0.99845874
271,g,g,0.11702512,0.88297486
272,g,g,0.10779905,0.89220095
273,g,g,0.06952693,0.93047303
274,g,g,0.01344385,0.98655617
275,g,g,0.01162111,0.98837888
276,g,g,0.04873682,0.95126319
277,g,g,0.23974602,0.76025403
278,g,g,0.00557646,0.99442357
279,g,g,0.00948051,0.99051952
280,g,g,0.00339866,0.99660134
281,g,g,0.00614227,0.99385780
282,g,g,0.00193634,0.99806362
283,g,g,0.00374249,0.99625754
284,g,g,0.16066276,0.83933723
285,g,g,0.01495648,0.98504353
286,g,g,0.02541172,0.97458827
287,g,g,0.00220790,0.99779212
288,g,g,0.00806319,0.99193680
289,g,g,0.00316854,0.99683148
290,g,g,0.20193374,0.79806626
291,g,g,0.01875512,0.98124492
292,g,g,0.00277141,0.99722856
293,g,g,0.00608126,0.99391878
294,g,g,0.08100089,0.91899908
295,g,g,0.04436015,0.95563990
296,g,g,0.00408734,0.99591261
297,g,g,0.00336813,0.99663192
298,g,g,0.00270319,0.99729687
299,g,g,0.00151185,0.99848807
300,g,g,0.00067958,0.99932039
301,g,g,0.00112744,0.99887258
302,g,g,0.00142194,0.99857807
303,g,g,0.00171283,0.99828714
304,g,g,0.00247455,0.99752539
305,g,g,0.00685367,0.99314630
306,g,g,0.04579911,0.95420086
307,g,g,0.00230784,0.99769223
308,g,g,0.00156375,0.99843627
309,g,g,0.00071857,0.99928147
310,g,g,0.00059083,0.99940920
311,g,g,0.00118557,0.99881446
312,g,g,0.00128872,0.99871135
313,g,g,0.01240897,0.98759103
314,g,g,0.00154472,0.99845529
315,g,g,0.00075604,0.99924397
316,g,g,0.00136597,0.99863404
317,g,g,0.00876311,0.99123693
318,g,g,0.00307823,0.99692172
319,g,g,0.00209168,0.99790835
320,g,g,0.00129179,0.99870825
321,g,g,0.00240766,0.99759227
322,g,g,0.00263489,0.99736518
323,g,g,0.06971674,0.93028325
324,g,g,0.00075167,0.99924833
325,g,g,0.00091260,0.99908745
326,g,g,0.00143473,0.99856526
327,g,g,0.01160758,0.98839241
328,g,g,0.00172508,0.99827492
329,g,g,0.00135479,0.99864525
330,g,g,0.00239804,0.99760193
331,g,g,0.00408596,0.99591404
332,g,g,0.00255039,0.99744958
333,g,g,0.00142333,0.99857664
334,g,g,0.00125953,0.99874049
335,g,g,0.00135913,0.99864084
336,g,g,0.00087467,0.99912530
337,g,g,0.00146157,0.99853849
338,g,g,0.02767605,0.97232395
339,g,g,0.00202014,0.99797994
340,g,g,0.01206979,0.98793018
341,g,g,0.00130119,0.99869883
342,g,g,0.00306206,0.99693799
343,g,g,0.12300091,0.87699914
344,g,g,0.00346613,0.99653387
345,g,g,0.04106548,0.95893455
346,g,g,0.00310273,0.99689722
347,g,g,0.00172690,0.99827313
348,g,g,0.00168554,0.99831450
349,g,g,0.00155503,0.99844497
350,g,g,0.00394632,0.99605370
